JoiningYear,City,Age
2017,Bangalore,34
2016,Bangalore,22
2015,New Delhi,38
2016,Pune,23
2016,Pune,34
2018,Pune,32
2016,Bangalore,39
2012,Bangalore,37
2017,Bangalore,29
2014,Pune,34
2012,Bangalore,37
2017,New Delhi,36
2015,Bangalore,27
2017,Bangalore,29
2016,Bangalore,37
2015,Bangalore,23
2014,Bangalore,23
2018,Bangalore,26
2016,Bangalore,40
2012,New Delhi,29
2014,Pune,30
2015,Bangalore,36
2013,Bangalore,30
2014,Bangalore,36
2015,Pune,39
2016,Bangalore,38
2013,Pune,32
2015,Bangalore,30
2016,Bangalore,34
2018,Bangalore,40
2014,New Delhi,28
2014,Bangalore,27
2015,Bangalore,40
2012,Bangalore,39
2017,Pune,38
2016,Bangalore,38
2016,Pune,36
2014,Bangalore,28
2018,Bangalore,30
2015,New Delhi,22
2014,Bangalore,39
2014,Bangalore,27
2013,Pune,25
2017,New Delhi,28
2017,Bangalore,28
2013,Bangalore,27
2012,Bangalore,25
2015,Bangalore,28
2017,New Delhi,25
2012,Bangalore,26
2013,Bangalore,28
2015,Pune,27
2018,Bangalore,25
2013,Bangalore,28
2012,Pune,28
2017,New Delhi,28
2013,Bangalore,26
2016,Bangalore,26
2014,Bangalore,25
2016,Pune,28
2015,Pune,26
2016,Bangalore,24
2014,Bangalore,26
2012,Bangalore,24
2015,Bangalore,25
2016,Bangalore,28
2016,Bangalore,25
2015,Bangalore,25
2014,Bangalore,27
2012,Bangalore,24
2014,Bangalore,25
2015,Bangalore,28
2015,Pune,25
2013,Bangalore,26
2016,Bangalore,26
2012,Bangalore,25
2015,Bangalore,25
2012,Bangalore,27
2015,Pune,27
2018,Bangalore,24
2017,New Delhi,26
2013,Bangalore,27
2015,Bangalore,26
2015,Bangalore,26
2013,Bangalore,28
2013,Pune,28
2017,Pune,24
2015,Bangalore,28
2015,Pune,28
2014,Bangalore,25
2017,Bangalore,27
2017,Bangalore,25
2012,Bangalore,25
2017,Bangalore,27
2016,Bangalore,25
2013,Pune,26
2013,Bangalore,27
2013,Pune,28
2018,Bangalore,25
2013,Pune,24
2014,Pune,24
2014,Bangalore,26
2018,Bangalore,24
2015,Bangalore,24
2012,New Delhi,28
2016,Pune,25
2017,New Delhi,24
2014,Bangalore,25
2015,Bangalore,28
2015,Bangalore,27
2016,Pune,26
2014,Bangalore,25
2014,Bangalore,27
2017,Bangalore,28
2017,Pune,25
2017,Bangalore,28
2012,Pune,26
2016,Bangalore,26
2012,Bangalore,27
2013,Bangalore,24
2013,Pune,28
2012,Bangalore,25
2014,Bangalore,28
2014,Bangalore,25
2018,Bangalore,26
2012,Bangalore,26
2018,Bangalore,26
2016,Bangalore,24
2017,New Delhi,28
2014,Pune,28
2012,Bangalore,28
2012,Bangalore,27
2013,Bangalore,26
2012,Pune,27
2016,Bangalore,24
2017,Pune,25
2017,Bangalore,25
2017,Pune,26
2014,Pune,24
2016,Bangalore,27
2012,Pune,28
2013,Bangalore,26
2017,Bangalore,28
2018,Pune,25
2013,Bangalore,28
2017,Bangalore,24
2016,Pune,26
2013,Bangalore,24
2013,Bangalore,27
2016,Bangalore,24
2012,Bangalore,28
2017,New Delhi,27
2017,Pune,24
2016,Bangalore,25
2012,Pune,26
2017,Bangalore,28
2012,Bangalore,25
2017,New Delhi,26
2016,Bangalore,27
2015,Bangalore,24
2014,Bangalore,28
2017,Bangalore,28
2017,Bangalore,27
2014,Bangalore,26
2014,Bangalore,24
2016,Bangalore,28
2013,Pune,27
2015,Bangalore,28
2014,Bangalore,26
2012,Bangalore,24
2013,Bangalore,27
2015,Pune,28
2013,Bangalore,24
2018,Bangalore,28
2015,Pune,27
2014,Pune,26
2016,Bangalore,25
2014,Bangalore,25
2014,Bangalore,27
2017,New Delhi,24
2015,Bangalore,26
2015,Bangalore,24
2015,Bangalore,28
2016,Pune,24
2017,Pune,25
2016,Pune,25
2016,Bangalore,24
2016,Pune,28
2015,New Delhi,26
2016,Bangalore,27
2017,Pune,27
2012,Bangalore,27
2014,Pune,27
2017,Pune,27
2017,Bangalore,26
2017,Bangalore,27
2016,Bangalore,25
2016,Pune,27
2014,Pune,25
2017,Bangalore,28
2014,Bangalore,25
2013,Pune,25
2012,Pune,27
2017,Bangalore,26
2013,Pune,26
2016,Bangalore,24
2015,New Delhi,25
2013,Bangalore,27
2015,Bangalore,25
2016,Bangalore,26
2012,Bangalore,26
2013,Pune,24
2014,Bangalore,25
2018,Bangalore,28
2017,Bangalore,28
2013,Bangalore,26
2012,Bangalore,25
2014,Bangalore,28
2014,Pune,27
2017,Bangalore,24
2012,Bangalore,24
2013,Pune,24
2013,Pune,25
2016,Pune,24
2016,Bangalore,27
2016,Bangalore,27
2018,Pune,25
2013,Bangalore,26
2015,New Delhi,25
2012,Bangalore,25
2018,Pune,26
2013,Bangalore,27
2018,Bangalore,28
2016,Bangalore,24
2012,Bangalore,24
2014,Bangalore,24
2013,Pune,27
2012,Pune,28
2018,Pune,25
2014,Bangalore,27
2013,Bangalore,25
2015,Bangalore,25
2017,Bangalore,24
2017,New Delhi,28
2016,Bangalore,28
2014,Bangalore,28
2014,Bangalore,25
2014,Bangalore,26
2016,Bangalore,25
2018,Bangalore,24
2013,Bangalore,24
2013,Bangalore,28
2017,New Delhi,27
2012,Bangalore,26
2013,Bangalore,28
2013,Bangalore,27
2017,Bangalore,27
2012,Bangalore,24
2017,New Delhi,26
2015,Bangalore,25
2012,Bangalore,25
2015,Pune,26
2014,Pune,26
2012,Bangalore,26
2016,Bangalore,26
2013,Bangalore,28
2017,Bangalore,25
2018,Bangalore,27
2017,Bangalore,26
2015,Pune,28
2012,New Delhi,25
2014,Bangalore,25
2014,Bangalore,25
2016,Pune,26
2014,Bangalore,27
2012,Bangalore,25
2014,Bangalore,27
2018,Pune,26
2018,Bangalore,27
2016,Pune,24
2012,Bangalore,25
2017,Bangalore,27
2016,Bangalore,28
2017,New Delhi,27
2013,Bangalore,25
2013,Bangalore,28
2016,Bangalore,27
2017,New Delhi,24
2014,Pune,26
2016,Bangalore,26
2015,Pune,28
2012,Bangalore,26
2017,New Delhi,26
2016,Bangalore,26
2013,Bangalore,26
2014,Bangalore,28
2016,Pune,28
2015,Bangalore,25
2014,Pune,27
2012,Pune,28
2013,Bangalore,25
2016,Bangalore,28
2017,Bangalore,27
2017,Bangalore,25
2018,Bangalore,27
2014,Bangalore,26
2018,Bangalore,26
2018,Bangalore,27
2017,New Delhi,28
2015,Bangalore,27
2017,Bangalore,26
2016,Bangalore,25
2013,Pune,25
2015,Pune,24
2018,Bangalore,25
2017,Bangalore,25
2017,Bangalore,24
2015,Bangalore,25
2017,Bangalore,26
2018,Pune,28
2013,Bangalore,24
2012,Pune,25
2018,Pune,26
2016,Pune,26
2013,Bangalore,26
2014,Pune,25
2013,Pune,27
2018,Bangalore,27
2016,Pune,26
2017,Bangalore,26
2015,Bangalore,27
2015,Bangalore,26
2014,Bangalore,26
2015,Bangalore,28
2017,Bangalore,27
2016,Bangalore,26
2015,Pune,27
2015,Bangalore,26
2018,Bangalore,27
2016,Bangalore,24
2014,Bangalore,24
2018,Bangalore,26
2013,Bangalore,28
2016,Bangalore,26
2013,Bangalore,27
2013,Bangalore,25
2013,Bangalore,28
2018,Bangalore,28
2017,Bangalore,24
2014,Pune,25
2012,Bangalore,28
2013,Pune,27
2012,Pune,26
2015,Bangalore,25
2014,Bangalore,24
2016,Bangalore,28
2014,Bangalore,24
2018,Bangalore,26
2013,Bangalore,26
2017,New Delhi,28
2013,Bangalore,26
2016,Bangalore,25
2017,New Delhi,25
2013,Bangalore,26
2013,Pune,27
2016,Bangalore,25
2017,Bangalore,25
2016,Pune,28
2018,Bangalore,24
2017,Bangalore,26
2012,Bangalore,24
2016,Bangalore,25
2016,Bangalore,26
2013,Bangalore,24
2012,Pune,25
2014,Bangalore,24
2013,Pune,27
2017,Bangalore,27
2018,Bangalore,24
2016,New Delhi,28
2017,Bangalore,25
2017,Bangalore,25
2017,Bangalore,24
2017,Bangalore,28
2012,Bangalore,28
2014,Bangalore,27
2012,Pune,24
2013,New Delhi,24
2014,Pune,27
2018,Bangalore,25
2015,Pune,26
2017,Pune,24
2013,Pune,25
2014,Pune,28
2017,New Delhi,28
2015,Bangalore,27
2015,Bangalore,24
2018,Bangalore,24
2013,Pune,26
2012,Bangalore,26
2015,Pune,25
2015,Bangalore,28
2017,Bangalore,27
2016,Bangalore,24
2017,Bangalore,27
2014,Bangalore,26
2017,Bangalore,28
2014,Bangalore,26
2017,Bangalore,27
2017,Bangalore,27
2017,Pune,28
2014,Bangalore,25
2018,Bangalore,25
2017,New Delhi,27
2013,Bangalore,27
2014,Bangalore,24
2017,Pune,27
2012,Pune,27
2017,Pune,24
2014,Bangalore,25
2014,Bangalore,28
2018,Bangalore,26
2018,Bangalore,27
2017,Bangalore,28
2016,Bangalore,25
2012,Bangalore,26
2014,Bangalore,26
2017,Bangalore,27
2017,New Delhi,25
2014,Bangalore,24
2015,Pune,28
2015,Bangalore,26
2018,Bangalore,25
2016,Bangalore,26
2017,Pune,24
2014,Bangalore,27
2012,Bangalore,28
2013,Bangalore,27
2017,Pune,27
2016,Bangalore,28
2018,Bangalore,25
2017,New Delhi,26
2017,Bangalore,25
2014,Bangalore,25
2015,Bangalore,26
2017,Pune,24
2018,Bangalore,24
2014,Pune,25
2012,Bangalore,26
2017,Bangalore,28
2014,Pune,25
2017,Bangalore,24
2018,Bangalore,24
2014,Pune,26
2014,New Delhi,24
2016,Bangalore,26
2013,Bangalore,24
2015,Bangalore,26
2016,Bangalore,26
2013,Pune,26
2013,Pune,26
2014,Bangalore,26
2014,Bangalore,24
2012,Bangalore,26
2015,Bangalore,28
2013,Pune,24
2017,Bangalore,25
2014,Bangalore,28
2014,Bangalore,26
2017,Bangalore,25
2014,Bangalore,25
2017,Bangalore,24
2015,Bangalore,27
2012,Bangalore,26
2014,Bangalore,28
2014,Bangalore,27
2017,Bangalore,27
2015,Bangalore,24
2016,Bangalore,28
2015,Bangalore,28
2013,Pune,26
2016,Bangalore,26
2013,Bangalore,26
2014,Bangalore,25
2018,Bangalore,27
2013,Bangalore,28
2012,Bangalore,28
2018,Bangalore,25
2014,Bangalore,24
2014,Pune,26
2017,Bangalore,28
2017,Bangalore,24
2018,Bangalore,24
2016,Bangalore,28
2017,Bangalore,28
2012,Bangalore,27
2016,New Delhi,26
2013,Bangalore,26
2018,Bangalore,26
2017,New Delhi,24
2014,Bangalore,24
2012,Bangalore,25
2012,Bangalore,24
2014,Bangalore,25
2012,Bangalore,25
2012,Bangalore,28
2013,Bangalore,25
2016,Bangalore,26
2013,Bangalore,26
2012,New Delhi,28
2017,Pune,24
2016,Bangalore,28
2014,Bangalore,24
2016,Bangalore,26
2013,Pune,26
2012,Bangalore,27
2018,Bangalore,24
2013,Bangalore,28
2012,Bangalore,27
2014,Pune,24
2012,New Delhi,26
2013,Bangalore,28
2012,Pune,28
2016,Bangalore,26
2017,Bangalore,24
2013,Bangalore,28
2014,Pune,27
2012,Pune,28
2017,New Delhi,27
2014,Bangalore,24
2013,Pune,27
2017,Bangalore,27
2017,Bangalore,25
2018,Bangalore,25
2014,Bangalore,24
2015,Pune,25
2013,Bangalore,28
2012,New Delhi,24
2015,New Delhi,28
2017,Bangalore,24
2017,Pune,24
2015,Pune,28
2018,Bangalore,25
2014,Bangalore,27
2013,Bangalore,26
2015,Bangalore,24
2012,Bangalore,25
2014,Bangalore,28
2013,Bangalore,27
2018,Bangalore,28
2012,Pune,28
2018,Bangalore,25
2017,New Delhi,25
2014,Pune,26
2014,Bangalore,28
2018,Bangalore,26
2013,Pune,26
2018,Pune,25
2014,Bangalore,28
2012,Bangalore,24
2017,New Delhi,25
2017,Pune,25
2013,Pune,27
2014,Bangalore,27
2012,Bangalore,26
2017,Pune,24
2018,Bangalore,24
2013,Bangalore,25
2016,Bangalore,26
2016,Bangalore,26
2017,Bangalore,27
2017,New Delhi,25
2016,Bangalore,25
2018,Bangalore,26
2015,Bangalore,27
2014,Pune,24
2012,Bangalore,27
2013,Pune,27
2015,Bangalore,25
2015,Bangalore,28
2016,Bangalore,28
2014,Bangalore,26
2017,Bangalore,27
2014,New Delhi,26
2016,Pune,24
2016,Bangalore,26
2014,Pune,26
2017,Bangalore,25
2014,New Delhi,24
2014,New Delhi,28
2015,Bangalore,26
2014,Bangalore,25
2018,Pune,26
2014,Bangalore,25
2016,New Delhi,27
2017,New Delhi,28
2012,Pune,24
2014,New Delhi,25
2017,Bangalore,24
2012,Bangalore,28
2014,Bangalore,26
2017,Bangalore,28
2017,Pune,26
2015,Bangalore,28
2016,Bangalore,28
2017,Bangalore,27
2012,Bangalore,26
2012,Bangalore,25
2017,Bangalore,25
2015,Bangalore,25
2018,Bangalore,25
2016,Bangalore,25
2017,New Delhi,27
2013,Bangalore,25
2015,Pune,24
2016,Pune,25
2014,Bangalore,25
2012,New Delhi,27
2014,Bangalore,24
2014,Bangalore,25
2015,Bangalore,25
2013,Bangalore,27
2017,New Delhi,27
2014,Bangalore,27
2014,Pune,26
2013,Bangalore,24
2015,Bangalore,24
2014,Pune,26
2013,Bangalore,26
2013,Bangalore,24
2015,Pune,24
2013,Pune,27
2012,New Delhi,27
2013,Bangalore,26
2016,Bangalore,24
2015,Bangalore,26
2013,Pune,27
2013,Bangalore,26
2015,Bangalore,28
2012,Bangalore,27
2013,Bangalore,26
2017,Pune,28
2014,Bangalore,25
2013,Bangalore,27
2014,Bangalore,26
2015,New Delhi,27
2012,Bangalore,27
2018,Bangalore,27
2017,Pune,26
2015,Bangalore,26
2013,Bangalore,25
2018,Pune,26
2017,Bangalore,25
2015,New Delhi,26
2015,Bangalore,28
2017,Bangalore,27
2014,Bangalore,26
2015,Bangalore,28
2017,Bangalore,25
2017,Bangalore,24
2015,Bangalore,25
2012,Bangalore,28
2013,Bangalore,26
2016,Bangalore,24
2016,Pune,27
2013,Pune,24
2017,New Delhi,26
2018,Bangalore,24
2015,Pune,24
2013,Pune,28
2018,Bangalore,24
2014,Bangalore,24
2014,Bangalore,25
2012,Bangalore,27
2017,Bangalore,24
2012,Pune,24
2016,New Delhi,28
2012,Bangalore,27
2014,Bangalore,27
2017,Bangalore,24
2012,Bangalore,27
2014,Pune,25
2015,Pune,25
2017,Pune,28
2012,Pune,25
2013,Bangalore,25
2016,New Delhi,26
2014,Bangalore,24
2014,Bangalore,27
2012,Bangalore,24
2018,Pune,24
2015,Bangalore,28
2016,Bangalore,27
2012,Bangalore,25
2017,Bangalore,25
2016,Bangalore,28
2015,Bangalore,27
2016,Bangalore,26
2014,Pune,27
2013,Bangalore,24
2017,Bangalore,25
2013,Bangalore,27
2014,Bangalore,26
2017,New Delhi,26
2016,Bangalore,26
2014,Bangalore,27
2013,Pune,25
2015,Bangalore,26
2012,Bangalore,26
2013,Bangalore,25
2016,Pune,24
2018,Pune,24
2018,Bangalore,26
2012,Bangalore,26
2013,Bangalore,27
2014,Bangalore,28
2015,Bangalore,27
2013,Bangalore,24
2016,Bangalore,26
2016,Bangalore,27
2017,Pune,26
2017,Bangalore,24
2016,Pune,27
2013,Bangalore,24
2012,Bangalore,28
2016,Pune,24
2017,Bangalore,28
2017,Pune,28
2015,Bangalore,25
2017,Bangalore,24
2013,Pune,27
2017,Bangalore,28
2012,Bangalore,25
2014,Pune,26
2014,Bangalore,25
2017,New Delhi,26
2014,Bangalore,25
2014,Bangalore,24
2015,Bangalore,28
2017,Bangalore,24
2014,Pune,27
2014,Bangalore,28
2017,New Delhi,25
2015,Bangalore,27
2013,Bangalore,26
2014,Pune,26
2013,Bangalore,24
2012,Bangalore,25
2012,Bangalore,27
2012,Bangalore,28
2014,Bangalore,25
2017,Pune,28
2014,Bangalore,28
2016,Bangalore,27
2012,Pune,26
2017,Bangalore,26
2015,Pune,25
2015,Bangalore,25
2016,Bangalore,26
2017,Bangalore,27
2018,Pune,28
2013,Bangalore,24
2013,New Delhi,26
2013,Bangalore,28
2016,Bangalore,24
2017,Bangalore,27
2017,Bangalore,27
2017,New Delhi,27
2016,Bangalore,26
2017,Bangalore,28
2016,Pune,28
2015,New Delhi,26
2014,Bangalore,26
2016,Bangalore,26
2012,Pune,26
2014,Bangalore,28
2013,Bangalore,28
2016,Bangalore,28
2014,New Delhi,25
2014,Bangalore,28
2017,New Delhi,28
2014,Bangalore,25
2016,Bangalore,27
2013,Bangalore,24
2012,Bangalore,25
2014,Pune,25
2015,Bangalore,25
2017,New Delhi,25
2017,Pune,26
2016,Pune,26
2018,Bangalore,26
2012,Bangalore,26
2017,Pune,26
2014,Bangalore,25
2012,Bangalore,26
2014,Bangalore,26
2018,Bangalore,25
2017,Bangalore,28
2013,Bangalore,27
2016,Bangalore,25
2015,Bangalore,26
2013,Pune,27
2012,Bangalore,27
2012,Pune,24
2017,Bangalore,27
2016,New Delhi,28
2014,Pune,27
2012,New Delhi,28
2014,Bangalore,28
2016,Pune,27
2013,Pune,25
2017,Pune,28
2012,Bangalore,27
2014,Pune,24
2015,Pune,28
2018,Pune,24
2013,Bangalore,26
2013,Pune,26
2014,Bangalore,27
2016,Bangalore,25
2016,Bangalore,27
2013,Bangalore,28
2014,Bangalore,25
2014,Pune,26
2013,Pune,28
2015,Bangalore,27
2015,Bangalore,27
2012,Bangalore,27
2014,Bangalore,26
2012,Bangalore,27
2017,New Delhi,26
2016,Bangalore,27
2012,Bangalore,27
2014,New Delhi,26
2014,Bangalore,28
2012,Pune,25
2016,New Delhi,26
2017,New Delhi,24
2015,New Delhi,25
2013,Bangalore,27
2015,Bangalore,27
2016,Bangalore,25
2016,Bangalore,26
2017,Bangalore,27
2014,Bangalore,28
2013,Pune,26
2014,Pune,28
2017,Pune,28
2014,Pune,26
2013,Pune,25
2013,Pune,24
2014,Pune,26
2016,Bangalore,26
2016,Bangalore,26
2014,Pune,27
2014,Bangalore,27
2018,Bangalore,25
2014,Bangalore,28
2017,Bangalore,24
2015,Pune,24
2012,Bangalore,26
2013,Pune,26
2018,Pune,26
2017,Bangalore,24
2016,Bangalore,24
2015,Pune,26
2016,Bangalore,24
2015,Pune,28
2013,Bangalore,27
2012,Bangalore,24
2017,Pune,26
2013,Pune,28
2017,Pune,28
2013,Bangalore,26
2014,New Delhi,28
2013,Bangalore,25
2017,Bangalore,25
2014,Pune,25
2017,Bangalore,27
2015,Pune,26
2016,Bangalore,24
2014,Bangalore,27
2017,New Delhi,27
2017,Bangalore,24
2015,New Delhi,24
2016,New Delhi,28
2016,Bangalore,26
2018,Bangalore,27
2015,Bangalore,25
2014,Bangalore,26
2018,Pune,24
2017,Bangalore,26
2016,Bangalore,26
2012,Bangalore,26
2014,Bangalore,25
2017,New Delhi,25
2015,Bangalore,24
2017,New Delhi,26
2013,Bangalore,25
2014,Bangalore,28
2014,Bangalore,25
2013,Bangalore,26
2018,Bangalore,27
2014,Bangalore,24
2013,Bangalore,28
2013,Bangalore,24
2014,Bangalore,26
2018,Bangalore,25
2017,Bangalore,28
2016,Bangalore,24
2016,New Delhi,24
2014,Bangalore,25
2017,Bangalore,24
2017,New Delhi,25
2014,Bangalore,25
2017,Pune,27
2017,Bangalore,28
2014,Bangalore,28
2012,Bangalore,29
2017,Pune,26
2016,Pune,26
2013,Pune,26
2017,Bangalore,28
2013,Bangalore,26
2018,Pune,27
2014,Bangalore,29
2017,Pune,26
2014,Pune,30
2014,Bangalore,29
2012,Bangalore,26
2018,Bangalore,26
2018,Pune,26
2016,Bangalore,29
2013,Bangalore,28
2015,Bangalore,30
2014,Bangalore,30
2014,Bangalore,29
2015,Bangalore,28
2013,Bangalore,27
2012,Bangalore,29
2014,Bangalore,26
2017,Pune,28
2018,Bangalore,28
2012,Bangalore,30
2017,New Delhi,26
2016,Pune,30
2012,Bangalore,26
2016,Bangalore,30
2012,Bangalore,27
2018,Bangalore,30
2017,Bangalore,28
2012,New Delhi,29
2017,Bangalore,26
2015,Bangalore,27
2016,Bangalore,30
2014,Bangalore,26
2014,Bangalore,26
2017,Bangalore,26
2014,New Delhi,30
2015,Pune,30
2016,Bangalore,27
2014,New Delhi,30
2016,Bangalore,27
2016,Bangalore,29
2012,Bangalore,28
2014,Bangalore,30
2013,Bangalore,27
2012,Bangalore,30
2014,Pune,26
2015,Bangalore,26
2016,Pune,26
2012,Bangalore,28
2012,Bangalore,28
2012,Pune,28
2012,Bangalore,26
2013,Bangalore,30
2016,Bangalore,28
2014,Bangalore,27
2016,Pune,28
2013,Bangalore,26
2013,Bangalore,29
2016,Pune,29
2014,Bangalore,26
2016,Bangalore,29
2016,Bangalore,29
2014,Bangalore,27
2015,Pune,29
2013,Bangalore,27
2014,Bangalore,27
2016,Bangalore,30
2014,Pune,29
2015,Bangalore,29
2013,Pune,30
2013,Bangalore,28
2017,Bangalore,30
2012,Bangalore,27
2018,Bangalore,29
2016,Bangalore,26
2018,Pune,27
2017,Bangalore,29
2014,Bangalore,28
2012,Bangalore,28
2015,Bangalore,28
2014,Pune,29
2014,Bangalore,30
2014,Bangalore,29
2014,Bangalore,28
2015,Pune,28
2014,Bangalore,29
2015,Bangalore,29
2012,Bangalore,26
2013,Pune,30
2014,Bangalore,29
2018,Pune,29
2015,Bangalore,26
2012,Bangalore,28
2014,Bangalore,28
2017,Pune,30
2013,Bangalore,30
2014,Pune,28
2015,Bangalore,30
2013,New Delhi,27
2017,Pune,27
2015,Bangalore,29
2012,Pune,27
2017,Bangalore,30
2014,Pune,26
2012,Bangalore,29
2012,New Delhi,30
2015,Bangalore,28
2017,Pune,27
2012,Bangalore,26
2013,Bangalore,26
2016,Pune,29
2016,Bangalore,28
2013,Bangalore,27
2013,Pune,28
2014,Pune,29
2018,Pune,28
2016,Bangalore,29
2017,New Delhi,26
2018,Pune,28
2016,Pune,29
2017,Bangalore,29
2013,New Delhi,26
2013,New Delhi,27
2012,Bangalore,28
2015,New Delhi,26
2013,Bangalore,27
2015,Bangalore,29
2012,Bangalore,27
2015,Bangalore,27
2018,Bangalore,27
2013,Pune,29
2013,Pune,29
2012,Pune,27
2014,Bangalore,28
2015,Bangalore,30
2018,Bangalore,28
2013,Bangalore,27
2013,Bangalore,27
2012,Bangalore,26
2018,Bangalore,28
2015,Bangalore,29
2012,New Delhi,30
2014,Pune,30
2018,Bangalore,26
2017,Bangalore,30
2017,Pune,29
2014,Bangalore,30
2017,Bangalore,29
2016,Pune,28
2016,Bangalore,29
2016,Bangalore,26
2015,Bangalore,29
2017,Bangalore,28
2015,Bangalore,29
2013,Bangalore,28
2013,Bangalore,26
2017,Pune,27
2013,Pune,26
2014,New Delhi,30
2013,Pune,26
2016,Bangalore,26
2017,New Delhi,26
2012,Bangalore,28
2016,Bangalore,27
2013,Bangalore,26
2017,Bangalore,27
2013,Bangalore,30
2014,Bangalore,26
2015,Bangalore,30
2017,Bangalore,30
2012,Bangalore,26
2014,Bangalore,27
2013,New Delhi,26
2013,Pune,28
2013,Pune,27
2014,Bangalore,27
2018,Bangalore,29
2012,Pune,30
2013,Bangalore,30
2014,Bangalore,27
2014,Pune,28
2016,Bangalore,30
2015,Bangalore,26
2015,Bangalore,26
2012,Pune,27
2016,Bangalore,26
2013,Pune,26
2012,Bangalore,27
2015,Pune,28
2013,Bangalore,26
2013,New Delhi,26
2012,Bangalore,27
2018,Bangalore,30
2014,Bangalore,29
2017,New Delhi,28
2014,Bangalore,28
2016,Bangalore,28
2014,Pune,26
2012,Pune,26
2015,Bangalore,28
2014,Bangalore,28
2016,Bangalore,27
2016,Bangalore,26
2014,Pune,28
2017,Bangalore,27
2014,Pune,28
2015,Bangalore,30
2012,Pune,26
2013,New Delhi,26
2013,Pune,29
2017,Bangalore,28
2014,Bangalore,29
2016,Bangalore,27
2015,Bangalore,28
2014,Bangalore,26
2016,Pune,29
2014,Bangalore,29
2014,Bangalore,27
2013,Pune,30
2014,Bangalore,27
2017,Bangalore,27
2015,Bangalore,30
2017,Bangalore,28
2013,Bangalore,26
2016,Bangalore,27
2012,Pune,29
2018,Pune,30
2016,Bangalore,29
2012,New Delhi,26
2016,Bangalore,30
2017,New Delhi,29
2017,Pune,28
2013,Bangalore,27
2013,Bangalore,29
2013,Bangalore,30
2015,Bangalore,26
2012,Bangalore,29
2013,Bangalore,27
2017,Bangalore,30
2014,Bangalore,28
2016,Bangalore,27
2013,Bangalore,28
2017,Bangalore,26
2015,Pune,28
2013,Bangalore,29
2016,Pune,26
2014,Bangalore,26
2016,Bangalore,27
2015,Pune,29
2018,Bangalore,26
2017,Bangalore,27
2017,Bangalore,30
2016,Pune,29
2018,Bangalore,28
2013,Bangalore,28
2018,Bangalore,29
2016,Bangalore,29
2013,Bangalore,26
2014,Pune,29
2013,Pune,30
2018,Pune,27
2016,Bangalore,28
2015,Bangalore,29
2016,Bangalore,30
2016,Bangalore,28
2015,Bangalore,28
2016,Pune,28
2015,Bangalore,30
2018,Bangalore,29
2016,Pune,28
2014,Bangalore,26
2017,Pune,27
2013,Pune,30
2015,Bangalore,30
2012,Bangalore,29
2014,Pune,26
2012,Pune,29
2017,Bangalore,28
2013,Bangalore,28
2017,Pune,28
2015,Bangalore,29
2013,Bangalore,30
2015,Bangalore,27
2012,Bangalore,29
2016,Pune,27
2013,Pune,28
2014,Pune,29
2017,New Delhi,27
2017,Pune,30
2013,Pune,27
2013,Pune,30
2014,Pune,26
2018,Bangalore,27
2012,Bangalore,29
2017,Pune,26
2014,Bangalore,30
2014,New Delhi,29
2018,Bangalore,28
2014,Bangalore,29
2018,Bangalore,29
2015,Bangalore,30
2012,Bangalore,26
2016,Bangalore,26
2014,Bangalore,28
2014,Bangalore,27
2017,New Delhi,27
2016,Pune,30
2015,New Delhi,29
2017,Bangalore,30
2018,Bangalore,28
2013,Bangalore,29
2015,Pune,27
2014,Bangalore,29
2016,Pune,26
2018,Bangalore,30
2016,Bangalore,27
2015,Bangalore,26
2012,Bangalore,28
2014,Bangalore,27
2015,Pune,27
2016,Bangalore,28
2018,Pune,29
2014,New Delhi,29
2015,Bangalore,29
2014,Bangalore,28
2017,Pune,27
2014,Bangalore,28
2017,New Delhi,26
2014,Bangalore,30
2018,Bangalore,29
2017,Bangalore,30
2013,Pune,30
2015,Pune,27
2018,Bangalore,29
2013,Bangalore,30
2017,Bangalore,27
2013,Pune,28
2014,New Delhi,26
2016,Bangalore,26
2013,Bangalore,30
2014,New Delhi,27
2016,Bangalore,29
2016,Bangalore,28
2014,New Delhi,26
2017,Pune,29
2013,Pune,26
2017,Bangalore,30
2016,Bangalore,28
2016,Bangalore,27
2015,Pune,27
2013,Pune,26
2018,Bangalore,27
2017,Bangalore,29
2013,Bangalore,28
2012,Bangalore,28
2012,Pune,29
2014,Bangalore,27
2015,Bangalore,29
2014,Bangalore,29
2018,Bangalore,28
2012,Bangalore,27
2017,New Delhi,26
2017,Bangalore,29
2017,Bangalore,28
2017,Bangalore,29
2017,Bangalore,30
2012,Bangalore,28
2015,Bangalore,30
2018,Bangalore,28
2017,New Delhi,30
2014,Bangalore,27
2014,Bangalore,30
2014,Pune,26
2015,Bangalore,27
2017,Bangalore,26
2013,Bangalore,27
2012,Pune,26
2017,New Delhi,27
2012,Bangalore,29
2018,Bangalore,27
2016,Pune,29
2014,Bangalore,29
2014,Bangalore,27
2018,Pune,28
2017,Pune,30
2013,Pune,27
2017,New Delhi,30
2018,Bangalore,28
2017,Pune,29
2017,New Delhi,30
2015,Bangalore,27
2013,Pune,30
2018,Bangalore,26
2015,Bangalore,28
2014,Bangalore,26
2013,Pune,27
2016,Bangalore,30
2018,Bangalore,29
2017,New Delhi,28
2012,Bangalore,29
2013,Bangalore,27
2012,Bangalore,26
2015,Pune,28
2014,Bangalore,30
2017,Bangalore,30
2014,Pune,28
2017,Bangalore,29
2018,Bangalore,27
2013,Bangalore,27
2014,Bangalore,26
2017,Bangalore,26
2017,Bangalore,29
2015,Bangalore,29
2015,Pune,29
2016,Bangalore,26
2014,Bangalore,27
2012,Bangalore,28
2017,Bangalore,27
2018,Bangalore,29
2017,Bangalore,27
2012,Bangalore,28
2013,Bangalore,26
2017,New Delhi,27
2015,Bangalore,26
2013,Pune,28
2012,Pune,26
2016,Bangalore,28
2017,Pune,26
2013,Bangalore,28
2018,Bangalore,29
2017,Bangalore,30
2014,Pune,30
2015,Bangalore,26
2012,Pune,26
2013,Bangalore,28
2017,Bangalore,29
2013,Bangalore,26
2012,Pune,26
2014,Pune,26
2015,Pune,29
2014,Bangalore,26
2018,Bangalore,36
2018,Bangalore,37
2018,Pune,32
2012,Pune,31
2018,Pune,31
2017,Bangalore,33
2014,Pune,31
2017,New Delhi,32
2016,Bangalore,41
2014,Pune,34
2017,Bangalore,31
2015,Pune,41
2015,Bangalore,37
2016,Bangalore,32
2014,Bangalore,36
2015,Bangalore,36
2017,Bangalore,41
2015,Pune,39
2013,Pune,37
2013,Bangalore,32
2012,Bangalore,36
2013,Bangalore,36
2014,Bangalore,36
2018,Bangalore,34
2018,Bangalore,37
2018,Pune,40
2013,Pune,40
2014,Bangalore,39
2013,Bangalore,39
2014,Bangalore,33
2017,Pune,32
2014,Bangalore,36
2017,Bangalore,36
2017,Bangalore,33
2018,Bangalore,38
2015,Bangalore,34
2012,Bangalore,34
2015,Pune,35
2012,Bangalore,41
2018,Bangalore,34
2012,Bangalore,33
2015,Bangalore,39
2016,Bangalore,34
2016,Pune,33
2013,Bangalore,32
2014,Bangalore,39
2016,Bangalore,33
2016,Bangalore,39
2017,Bangalore,35
2017,Bangalore,32
2018,Bangalore,36
2017,New Delhi,39
2012,Pune,31
2016,Bangalore,32
2017,Bangalore,37
2012,Pune,34
2012,Pune,40
2012,Bangalore,36
2014,Bangalore,32
2017,New Delhi,38
2015,Bangalore,38
2015,Bangalore,32
2016,Pune,39
2016,Bangalore,41
2017,New Delhi,36
2015,Pune,37
2012,Bangalore,31
2014,Bangalore,35
2014,Bangalore,39
2012,Bangalore,41
2014,Pune,35
2016,Pune,31
2016,New Delhi,34
2014,Bangalore,34
2012,Bangalore,37
2015,Bangalore,38
2014,Bangalore,37
2017,Bangalore,34
2014,Bangalore,39
2012,Bangalore,34
2013,New Delhi,37
2017,Bangalore,40
2014,Bangalore,36
2015,Bangalore,38
2012,Pune,39
2014,Bangalore,37
2013,Bangalore,35
2014,Pune,40
2015,Bangalore,32
2013,Bangalore,41
2017,Pune,40
2017,Bangalore,34
2014,Pune,41
2016,Bangalore,31
2016,New Delhi,32
2014,Bangalore,38
2015,New Delhi,40
2017,Pune,37
2014,Pune,34
2017,Bangalore,35
2012,Bangalore,32
2017,Pune,31
2015,Pune,34
2013,Bangalore,38
2018,Bangalore,36
2012,Bangalore,35
2015,Pune,35
2018,Pune,41
2013,Bangalore,33
2017,Bangalore,41
2015,Bangalore,39
2015,Bangalore,35
2015,Bangalore,35
2016,Bangalore,36
2017,Pune,39
2015,Bangalore,38
2014,Bangalore,34
2017,Pune,36
2014,Bangalore,35
2015,Bangalore,40
2012,Bangalore,40
2017,New Delhi,36
2016,Pune,40
2017,Bangalore,39
2015,Bangalore,32
2017,Bangalore,41
2012,Pune,32
2013,Bangalore,35
2017,Bangalore,34
2012,Pune,36
2015,New Delhi,37
2014,Bangalore,39
2012,Bangalore,41
2012,Bangalore,37
2014,Bangalore,39
2018,Bangalore,35
2012,Pune,33
2017,Pune,33
2013,Pune,32
2016,Bangalore,34
2016,Bangalore,39
2012,Bangalore,38
2013,Bangalore,31
2012,Pune,33
2014,Bangalore,38
2012,Bangalore,31
2016,New Delhi,40
2012,Bangalore,39
2013,Bangalore,35
2014,Bangalore,41
2017,Bangalore,35
2013,Bangalore,40
2016,Bangalore,41
2017,Bangalore,32
2014,Bangalore,31
2012,Bangalore,40
2018,New Delhi,37
2014,Pune,37
2014,New Delhi,37
2014,Bangalore,40
2012,Pune,32
2012,Bangalore,37
2014,Pune,40
2012,Bangalore,37
2017,Bangalore,35
2014,Bangalore,31
2016,Bangalore,41
2018,Pune,40
2018,Bangalore,36
2017,Bangalore,34
2018,Pune,37
2016,Pune,38
2017,Bangalore,37
2016,Pune,32
2016,Bangalore,31
2013,Bangalore,40
2015,Bangalore,31
2017,Bangalore,38
2013,Bangalore,41
2015,Pune,34
2013,Bangalore,31
2017,Bangalore,32
2012,Bangalore,39
2017,Pune,41
2015,Bangalore,36
2014,Bangalore,32
2013,Bangalore,41
2013,Bangalore,32
2017,Bangalore,36
2013,Bangalore,40
2018,Bangalore,32
2016,Bangalore,38
2018,Bangalore,41
2016,Bangalore,31
2013,Bangalore,31
2017,New Delhi,36
2015,New Delhi,32
2017,Bangalore,34
2014,Bangalore,33
2017,New Delhi,36
2016,Bangalore,34
2017,Pune,33
2013,Bangalore,35
2017,Pune,31
2013,Pune,37
2013,Pune,34
2013,Bangalore,39
2012,Bangalore,31
2017,New Delhi,41
2016,Bangalore,36
2012,Bangalore,32
2017,Bangalore,39
2013,Pune,33
2013,Pune,32
2017,Bangalore,35
2015,Bangalore,36
2016,Bangalore,40
2012,Bangalore,37
2017,New Delhi,40
2013,Bangalore,31
2013,Bangalore,37
2012,New Delhi,33
2015,Bangalore,36
2014,Bangalore,34
2013,Bangalore,35
2014,Bangalore,33
2016,Bangalore,37
2015,Bangalore,41
2017,Pune,32
2018,New Delhi,40
2016,Bangalore,40
2015,Bangalore,38
2012,Bangalore,41
2013,Bangalore,36
2013,Pune,37
2014,Bangalore,39
2017,Bangalore,32
2017,Bangalore,34
2016,Bangalore,35
2016,Bangalore,32
2012,Bangalore,41
2016,Pune,31
2017,Bangalore,41
2016,Bangalore,34
2015,Bangalore,39
2013,Pune,37
2016,Bangalore,37
2015,Bangalore,39
2012,Bangalore,36
2012,Bangalore,36
2015,Bangalore,38
2013,Bangalore,31
2013,Bangalore,38
2017,Bangalore,36
2012,Bangalore,40
2017,Bangalore,41
2017,New Delhi,41
2017,New Delhi,37
2012,Pune,39
2014,Bangalore,38
2013,Pune,36
2016,Bangalore,41
2014,New Delhi,33
2012,Bangalore,32
2018,Bangalore,41
2016,Bangalore,36
2016,Bangalore,31
2014,Bangalore,37
2014,Bangalore,33
2015,New Delhi,33
2013,Bangalore,37
2014,Bangalore,32
2017,Bangalore,33
2014,Bangalore,37
2012,Bangalore,32
2017,Bangalore,38
2018,Bangalore,38
2016,Bangalore,32
2013,Bangalore,34
2018,Bangalore,38
2016,Bangalore,38
2015,Pune,35
2014,Pune,31
2017,Pune,41
2018,Bangalore,33
2017,New Delhi,33
2015,Bangalore,31
2012,Bangalore,35
2014,Bangalore,32
2012,Bangalore,34
2014,Pune,37
2013,Bangalore,33
2015,Bangalore,38
2016,Bangalore,33
2014,Pune,31
2017,Bangalore,31
2013,Bangalore,38
2014,Pune,31
2015,New Delhi,40
2013,Bangalore,39
2014,Bangalore,34
2014,Bangalore,39
2014,Bangalore,39
2016,Bangalore,33
2017,Pune,38
2014,Bangalore,41
2014,Bangalore,41
2012,Bangalore,40
2014,Bangalore,36
2015,Bangalore,34
2013,Bangalore,32
2015,Bangalore,31
2012,Bangalore,36
2017,Bangalore,32
2017,Pune,33
2016,Bangalore,34
2017,Bangalore,39
2018,Bangalore,38
2017,Pune,41
2015,Bangalore,38
2014,Pune,32
2015,Bangalore,40
2016,Bangalore,38
2016,Bangalore,33
2017,Bangalore,37
2013,Bangalore,38
2018,Bangalore,32
2016,Bangalore,38
2013,Bangalore,34
2013,Bangalore,35
2014,Bangalore,35
2016,Bangalore,34
2012,Bangalore,36
2012,Pune,31
2016,Bangalore,41
2017,New Delhi,34
2016,Pune,41
2015,Pune,37
2017,Bangalore,41
2015,Pune,31
2016,Pune,39
2018,Bangalore,39
2018,Bangalore,32
2015,Bangalore,38
2015,Bangalore,35
2013,Bangalore,38
2012,New Delhi,32
2015,Pune,35
2017,Bangalore,35
2015,Bangalore,36
2017,Pune,33
2017,Bangalore,31
2015,Bangalore,35
2012,Bangalore,38
2015,Bangalore,39
2015,Bangalore,39
2017,New Delhi,38
2017,Pune,32
2016,New Delhi,33
2016,Bangalore,39
2012,Bangalore,35
2015,Bangalore,34
2012,Bangalore,33
2015,New Delhi,31
2012,Bangalore,33
2017,Pune,31
2016,Pune,37
2014,Bangalore,37
2017,New Delhi,31
2015,Bangalore,33
2016,Bangalore,37
2016,Bangalore,41
2016,Pune,40
2016,New Delhi,33
2015,Bangalore,41
2015,Pune,33
2017,New Delhi,33
2018,Bangalore,40
2014,Bangalore,34
2012,Pune,39
2017,Pune,33
2016,Bangalore,37
2012,New Delhi,40
2018,Bangalore,38
2016,Bangalore,40
2016,Bangalore,34
2015,Bangalore,40
2013,Pune,32
2016,Bangalore,38
2014,Bangalore,32
2013,Bangalore,37
2017,New Delhi,37
2014,Bangalore,35
2016,Bangalore,40
2012,Bangalore,40
2013,Pune,36
2014,New Delhi,41
2015,Bangalore,40
2013,Bangalore,31
2012,Pune,40
2013,Pune,32
2018,Pune,38
2016,Bangalore,40
2016,New Delhi,37
2015,Pune,38
2017,Bangalore,32
2017,Pune,33
2015,Bangalore,38
2014,Bangalore,35
2016,Bangalore,37
2015,Bangalore,36
2016,Pune,32
2015,Bangalore,36
2016,Pune,36
2017,Pune,31
2014,Pune,33
2017,Bangalore,35
2017,Bangalore,33
2014,Bangalore,34
2017,New Delhi,34
2012,Pune,37
2016,Bangalore,36
2012,Bangalore,34
2015,Bangalore,31
2017,Bangalore,31
2015,Bangalore,32
2018,Bangalore,37
2015,Bangalore,41
2017,Pune,34
2014,Bangalore,36
2013,Pune,35
2017,Bangalore,33
2018,Bangalore,38
2017,Pune,40
2013,New Delhi,39
2013,Bangalore,39
2013,Bangalore,38
2017,Bangalore,35
2017,Bangalore,41
2016,Bangalore,40
2014,Pune,41
2014,Bangalore,35
2017,Bangalore,38
2012,Bangalore,34
2014,Bangalore,37
2013,Bangalore,31
2015,Bangalore,39
2012,Bangalore,34
2012,Bangalore,36
2017,New Delhi,37
2018,Bangalore,32
2018,Pune,35
2017,Bangalore,35
2013,Bangalore,32
2015,Bangalore,31
2015,Bangalore,41
2012,Bangalore,33
2015,Bangalore,38
2017,Pune,31
2014,Bangalore,34
2017,Bangalore,40
2012,Bangalore,36
2017,Bangalore,37
2017,New Delhi,33
2017,Pune,38
2015,Bangalore,34
2014,Bangalore,34
2012,Pune,32
2013,Pune,36
2014,Pune,33
2012,Bangalore,40
2013,Bangalore,34
2016,Pune,40
2012,Bangalore,33
2016,Bangalore,34
2016,Bangalore,39
2014,Bangalore,35
2016,Bangalore,33
2014,Pune,33
2012,Bangalore,35
2017,Bangalore,39
2017,New Delhi,33
2014,Bangalore,39
2012,Bangalore,38
2018,Bangalore,38
2013,Bangalore,34
2012,Bangalore,35
2015,Pune,34
2014,Bangalore,35
2013,Bangalore,38
2018,Bangalore,34
2017,Pune,22
2012,Bangalore,22
2016,Bangalore,29
2012,Bangalore,31
2016,Bangalore,31
2015,Bangalore,34
2014,Bangalore,28
2015,Bangalore,31
2017,Bangalore,35
2013,Bangalore,23
2017,Pune,25
2018,Bangalore,37
2012,Bangalore,38
2016,Bangalore,22
2012,Bangalore,29
2017,Bangalore,34
2017,Bangalore,23
2014,Pune,32
2014,Pune,37
2016,Bangalore,24
2013,Bangalore,36
2012,Bangalore,24
2016,Bangalore,24
2014,Bangalore,27
2017,New Delhi,23
2014,Bangalore,22
2014,Pune,27
2012,Pune,24
2014,Bangalore,33
2015,Bangalore,30
2016,Bangalore,30
2012,Bangalore,37
2017,Bangalore,34
2015,Bangalore,32
2015,Bangalore,32
2017,Bangalore,28
2013,Pune,35
2014,Pune,33
2014,Pune,27
2012,Pune,36
2013,Bangalore,39
2014,Pune,32
2013,Pune,24
2018,Bangalore,40
2014,Bangalore,22
2018,Bangalore,24
2012,Bangalore,37
2018,Pune,40
2018,Bangalore,32
2016,Pune,29
2013,Pune,25
2015,Bangalore,28
2012,Bangalore,39
2012,Pune,35
2017,Bangalore,37
2018,Bangalore,23
2013,Pune,32
2014,Pune,26
2015,New Delhi,22
2015,Bangalore,30
2014,Bangalore,30
2018,Bangalore,27
2012,Bangalore,37
2017,Pune,34
2017,New Delhi,40
2013,Pune,33
2012,Bangalore,38
2017,Bangalore,37
2014,Bangalore,22
2014,Pune,23
2015,Bangalore,29
2015,Bangalore,26
2014,Bangalore,28
2017,Bangalore,33
2012,Pune,38
2013,Bangalore,24
2016,Bangalore,28
2013,Bangalore,37
2014,Pune,33
2015,Pune,40
2014,Bangalore,34
2016,Pune,25
2018,Bangalore,35
2017,Bangalore,40
2016,Pune,38
2016,Bangalore,38
2014,Pune,37
2015,Bangalore,22
2016,Pune,23
2017,Bangalore,28
2012,Pune,24
2015,Bangalore,30
2018,Bangalore,33
2016,Bangalore,32
2012,Bangalore,26
2012,Bangalore,35
2013,Bangalore,30
2016,Bangalore,40
2012,Bangalore,24
2012,Bangalore,32
2018,Pune,34
2014,Pune,29
2017,Pune,23
2014,Bangalore,27
2013,Bangalore,23
2012,Bangalore,23
2017,New Delhi,27
2016,Bangalore,22
2012,Bangalore,40
2014,Bangalore,31
2017,Pune,33
2015,New Delhi,30
2016,Pune,22
2012,Pune,28
2013,Bangalore,36
2013,Bangalore,25
2012,Pune,31
2013,Bangalore,26
2013,Pune,28
2015,Bangalore,38
2016,Pune,27
2013,Bangalore,33
2013,Pune,24
2014,Bangalore,37
2018,Pune,28
2014,New Delhi,32
2017,Bangalore,24
2016,Bangalore,27
2014,Pune,26
2013,Bangalore,29
2015,Pune,32
2014,Pune,28
2013,Bangalore,38
2012,Bangalore,25
2018,Bangalore,38
2015,New Delhi,22
2017,Pune,38
2016,Bangalore,31
2017,Bangalore,25
2017,Bangalore,40
2015,Bangalore,36
2014,Bangalore,31
2015,Pune,22
2015,Bangalore,23
2016,Bangalore,34
2012,Bangalore,39
2018,Bangalore,24
2018,Bangalore,36
2014,New Delhi,23
2012,Pune,31
2015,Bangalore,22
2014,Pune,33
2015,Bangalore,22
2014,Bangalore,38
2014,Pune,39
2015,Bangalore,27
2016,Pune,32
2015,Pune,36
2018,Bangalore,34
2015,Bangalore,28
2012,Bangalore,31
2013,Bangalore,26
2012,Bangalore,31
2014,Pune,38
2012,Pune,32
2014,Bangalore,26
2018,Pune,36
2014,Bangalore,27
2014,Bangalore,22
2014,Bangalore,38
2016,Bangalore,24
2015,Pune,25
2017,Bangalore,40
2016,Bangalore,32
2014,Pune,37
2015,Bangalore,33
2016,Pune,27
2012,New Delhi,36
2012,Bangalore,23
2013,Bangalore,22
2013,Bangalore,22
2012,Pune,35
2014,Bangalore,30
2014,Pune,29
2014,Bangalore,37
2016,Pune,40
2017,Bangalore,38
2014,Bangalore,31
2012,Pune,34
2015,Bangalore,33
2012,Bangalore,38
2014,Pune,34
2016,Bangalore,23
2017,New Delhi,26
2017,Bangalore,38
2017,Bangalore,27
2015,Bangalore,23
2016,Bangalore,31
2017,Bangalore,28
2017,New Delhi,31
2014,Bangalore,24
2012,Bangalore,27
2017,Bangalore,28
2014,Bangalore,32
2016,Pune,33
2016,Bangalore,22
2013,Bangalore,39
2016,Bangalore,33
2012,Bangalore,23
2014,Bangalore,28
2016,Bangalore,27
2014,Bangalore,33
2016,Bangalore,35
2013,Bangalore,33
2015,New Delhi,26
2012,Bangalore,26
2013,Bangalore,28
2018,Bangalore,24
2016,Bangalore,33
2015,Bangalore,33
2017,Pune,25
2014,Bangalore,38
2017,New Delhi,40
2014,Bangalore,29
2012,Bangalore,27
2015,Bangalore,40
2017,New Delhi,22
2012,Bangalore,25
2014,Bangalore,35
2012,Bangalore,26
2013,Bangalore,24
2014,Bangalore,31
2014,Bangalore,34
2016,Pune,35
2017,Pune,27
2012,Pune,39
2015,Bangalore,22
2014,Bangalore,39
2017,Bangalore,39
2013,Pune,37
2013,Pune,34
2015,Bangalore,28
2018,Bangalore,31
2018,Pune,26
2015,Pune,39
2015,Pune,25
2013,Pune,38
2013,Bangalore,35
2013,Pune,31
2017,Bangalore,24
2015,Bangalore,28
2015,Bangalore,28
2017,New Delhi,30
2014,Bangalore,26
2013,Pune,36
2015,Pune,36
2012,Bangalore,22
2012,Bangalore,24
2015,Bangalore,31
2016,Bangalore,23
2017,Bangalore,40
2016,Bangalore,40
2013,Bangalore,22
2015,Bangalore,34
2017,Bangalore,23
2015,Bangalore,35
2014,Bangalore,24
2017,Pune,28
2014,Bangalore,32
2016,Bangalore,37
2014,Bangalore,36
2013,Pune,24
2014,Bangalore,39
2013,Bangalore,24
2016,Bangalore,25
2018,Bangalore,26
2017,New Delhi,33
2016,Pune,36
2015,Pune,39
2014,Bangalore,34
2013,Bangalore,31
2017,Bangalore,36
2015,Bangalore,28
2014,Bangalore,30
2012,Bangalore,25
2018,Bangalore,31
2013,Bangalore,36
2017,New Delhi,31
2016,Bangalore,37
2015,Bangalore,39
2014,Bangalore,28
2015,Pune,38
2015,Bangalore,39
2014,Bangalore,30
2013,Bangalore,34
2016,Pune,38
2015,Bangalore,31
2017,Pune,30
2017,Bangalore,38
2013,Pune,37
2016,Bangalore,22
2017,Bangalore,35
2018,Bangalore,32
2016,Bangalore,37
2018,Bangalore,32
2013,Bangalore,26
2017,Bangalore,28
2015,Bangalore,35
2016,Pune,30
2012,Bangalore,30
2015,Bangalore,33
